City_ID,City,Country,Lat,Lng,Max Temp,Humidity,Cloudiness,Wind Speed,Current Description
0,Butaritari,KI,3.0707,172.7902,80.96,76,60,8.77,light rain
1,Narsaq,GL,60.9167,-46.05,55.4,15,20,20.71,few clouds
2,Ribeira Grande,PT,38.5167,-28.7,64.4,94,75,5.75,broken clouds
3,Airai,TL,-8.9266,125.4092,57.94,88,72,1.63,broken clouds
4,Vaini,TO,-21.2,-175.2,66.2,94,20,3.44,few clouds
5,Alexandria,EG,31.2156,29.9553,60.8,51,20,14.97,few clouds
6,Ancud,CL,-41.8697,-73.8203,59.0,100,90,14.97,light rain
7,Provideniya,RU,64.3833,-173.3,9.09,85,100,23.15,light snow
8,Orlik,RU,52.5178,99.825,14.79,71,39,4.05,scattered clouds
9,Sao Filipe,CV,14.8961,-24.4956,76.24,63,1,5.66,clear sky
10,Pitimbu,BR,-7.4706,-34.8086,80.6,100,75,5.75,light rain
11,Hithadhoo,MV,-0.6,73.0833,83.68,67,69,10.87,broken clouds
12,Puerto Ayora,EC,-0.7393,-90.3518,80.6,78,40,11.5,scattered clouds
13,Albany,US,42.6001,-73.9662,73.4,56,90,8.05,overcast clouds
14,Candido Mota,BR,-22.7464,-50.3869,90.43,23,4,4.79,clear sky
15,Dikson,RU,73.5069,80.5464,27.55,91,100,27.31,overcast clouds
16,Jiwani,PK,25.05,61.7417,79.47,74,0,11.97,clear sky
17,Atuona,PF,-9.8,-139.0333,80.49,77,34,18.5,scattered clouds
18,Fairbanks,US,64.8378,-147.7164,10.99,55,1,8.05,clear sky
19,Atbasar,KZ,51.8,68.3333,31.35,97,95,4.85,overcast clouds
20,Khorramabad,IR,33.4878,48.3558,59.0,63,40,1.54,scattered clouds
21,Upernavik,GL,72.7868,-56.1549,30.76,80,100,8.88,light snow
22,Faanui,PF,-16.4833,-151.75,81.3,76,100,11.36,overcast clouds
23,New Norfolk,AU,-42.7826,147.0587,46.0,76,84,1.99,broken clouds
24,Uglekamensk,RU,43.2172,133.2303,42.03,96,69,3.22,broken clouds
25,Dakar,SN,14.6937,-17.4441,75.2,69,0,13.8,clear sky
26,Hobart,AU,-42.8794,147.3294,48.2,71,75,13.8,broken clouds
27,Punta Arenas,CL,-53.15,-70.9167,53.6,54,75,13.8,broken clouds
28,Saint George,US,37.1041,-113.5841,73.0,16,1,4.61,clear sky
29,Klyuchi,RU,52.2667,79.1667,32.58,96,16,8.68,few clouds
30,Brae,GB,60.3964,-1.353,42.8,56,40,11.5,scattered clouds
31,Georgetown,MY,5.4112,100.3354,81.0,89,20,2.3,few clouds
32,Scarborough,GB,54.2797,-0.4044,41.0,64,23,1.99,few clouds
33,Mataura,NZ,-46.1927,168.8643,46.99,97,89,1.99,overcast clouds
34,Mar Del Plata,AR,-38.0023,-57.5575,66.2,63,40,16.11,scattered clouds
35,Cidreira,BR,-30.1811,-50.2056,88.25,48,4,5.12,clear sky
36,Kodiak,US,57.79,-152.4072,39.2,93,90,14.97,moderate rain
37,Hermanus,ZA,-34.4187,19.2345,66.99,85,100,3.0,overcast clouds
38,Geraldton,AU,-28.7667,114.6,75.2,94,75,23.02,broken clouds
39,Harper,LR,4.375,-7.7169,83.95,72,83,10.22,broken clouds
40,Kavieng,PG,-2.5744,150.7967,78.28,84,100,4.65,moderate rain
41,Peniche,PT,39.3558,-9.3811,60.01,74,67,8.99,broken clouds
42,Bengkulu,ID,-3.8004,102.2655,76.17,89,88,3.98,heavy intensity rain
43,Pirgos,GR,35.1167,25.7178,55.4,76,20,9.22,few clouds
44,Mahebourg,MU,-20.4081,57.7,78.8,89,40,5.75,light rain
45,Holguin,CU,20.8872,-76.2631,89.6,40,75,5.75,broken clouds
46,Busselton,AU,-33.65,115.3333,61.0,97,100,7.25,light rain
47,Yellowknife,CA,62.456,-114.3525,-2.2,71,75,6.91,light snow
48,Nuuk,GL,64.1835,-51.7216,33.8,80,20,16.11,few clouds
49,Nassjo,SE,57.6531,14.6968,32.0,100,90,9.22,snow
50,Nikolskoye,RU,59.7035,30.7861,48.99,34,0,2.24,light rain
51,Rikitea,PF,-23.1203,-134.9692,78.24,75,8,11.14,light rain
52,Nsanje,MW,-16.92,35.262,74.73,79,99,3.96,overcast clouds
53,Miri,MY,4.4148,114.0089,78.8,89,40,3.44,scattered clouds
54,Victoria,HK,22.2855,114.1577,73.99,84,37,1.01,scattered clouds
55,Kidal,ML,18.4411,1.4078,96.75,6,2,4.05,clear sky
56,Saskylakh,RU,71.9167,114.0833,15.1,95,98,6.4,overcast clouds
57,Grindavik,IS,63.8424,-22.4338,39.2,87,75,19.57,light rain
58,Saint-Philippe,RE,-21.3585,55.7679,78.8,73,0,4.61,light rain
59,Luanda,AO,-8.8368,13.2343,82.4,69,40,6.4,scattered clouds
60,Koungheul,SN,13.9833,-14.8,108.63,7,0,1.77,clear sky
61,Mildura,AU,-34.2,142.15,44.6,65,0,5.75,clear sky
62,Killybegs,IE,54.6333,-8.45,42.8,93,90,11.5,overcast clouds
63,Lugovoy,KZ,42.9472,72.7644,50.76,68,6,7.31,clear sky
64,Poum,NC,-20.2333,164.0167,78.21,79,100,15.26,overcast clouds
65,Ushuaia,AR,-54.8,-68.3,51.8,40,40,5.75,scattered clouds
66,Muroto,JP,33.2833,134.15,60.93,71,37,15.46,scattered clouds
67,Klaksvik,FO,62.2266,-6.589,35.6,75,90,1.14,overcast clouds
68,Dunedin,NZ,-45.8742,170.5036,55.99,82,22,1.99,few clouds
69,Sisimiut,GL,66.9395,-53.6735,33.4,76,56,12.19,broken clouds
70,Roald,NO,62.5833,6.1333,41.0,75,20,12.66,few clouds
71,Qaqortoq,GL,60.7167,-46.0333,55.4,15,20,20.71,few clouds
72,Cherskiy,RU,68.75,161.3,-30.21,99,65,4.76,broken clouds
73,Cape Town,ZA,-33.9258,18.4232,69.01,82,20,16.11,few clouds
74,Wattegama,LK,6.7989,81.4808,74.88,91,86,2.01,overcast clouds
75,Shingu,JP,33.7333,135.9833,53.31,82,55,6.22,broken clouds
76,Caravelas,BR,-17.7125,-39.2481,82.65,60,54,7.07,broken clouds
77,Bathsheba,BB,13.2167,-59.5167,78.8,69,20,14.97,volcanic ash
78,Kaitangata,NZ,-46.2817,169.8464,52.88,97,79,4.12,broken clouds
79,Kamyshlov,RU,56.8428,62.7111,43.5,93,96,7.94,overcast clouds
80,Tuktoyaktuk,CA,69.4541,-133.0374,-18.4,69,1,3.44,clear sky
81,Katsuura,JP,35.1333,140.3,53.6,82,20,4.61,few clouds
82,Khalkhal,IR,37.6189,48.5258,50.49,64,57,3.42,broken clouds
83,Lebu,CL,-37.6167,-73.65,60.82,67,0,14.23,clear sky
84,Thompson,CA,55.7435,-97.8558,21.2,79,90,14.97,overcast clouds
85,Souillac,MU,-20.5167,57.5167,78.8,89,40,5.75,light rain
86,Guantanamo,CU,20.1444,-75.2092,86.0,62,75,16.11,broken clouds
87,Saint Anthony,US,45.0205,-93.218,50.0,71,90,12.66,overcast clouds
88,Ahipara,NZ,-35.1667,173.1667,62.51,91,8,2.33,clear sky
89,Constitucion,CL,-35.3333,-72.4167,68.58,48,0,17.36,clear sky
90,Pierre,US,44.3683,-100.351,51.01,61,90,28.77,overcast clouds
91,Castro,BR,-24.7911,-50.0119,79.48,39,2,7.34,clear sky
92,Las Juntas,MX,19.4167,-104.7,82.4,78,20,11.5,few clouds
93,Cascais,PT,38.6979,-9.4215,62.01,63,20,16.11,few clouds
94,De Land,US,29.0283,-81.3031,64.0,94,90,8.05,heavy intensity rain
95,Carnarvon,AU,-24.8667,113.6333,77.0,100,90,16.11,overcast clouds
96,Tura,IN,25.5198,90.2201,78.12,41,34,6.42,scattered clouds
97,San Cristobal,VE,7.7669,-72.225,89.6,48,40,11.5,scattered clouds
98,Coihaique,CL,-45.5752,-72.0662,57.2,88,90,10.36,light rain
99,Tiksi,RU,71.6872,128.8694,-2.63,80,95,6.78,overcast clouds
100,Bilma,NE,18.6853,12.9164,95.5,5,22,10.11,few clouds
101,Anadyr,RU,64.75,177.4833,-5.01,77,100,15.66,snow
102,Srandakan,ID,-7.9386,110.2506,78.42,84,100,2.59,overcast clouds
103,Basco,PH,20.4487,121.9702,76.82,81,65,20.38,broken clouds
104,Coahuayana,MX,18.7333,-103.6833,80.6,44,20,6.91,few clouds
105,Caluquembe,AO,-13.7833,14.6833,65.86,56,84,2.01,broken clouds
106,Bredasdorp,ZA,-34.5322,20.0403,60.8,94,100,3.44,overcast clouds
107,Barrow,US,71.2906,-156.7887,-16.6,83,1,4.61,clear sky
108,Manzanillo,CU,20.3433,-77.1167,90.3,43,81,8.43,broken clouds
109,Bethel,US,41.3712,-73.414,63.0,77,90,10.36,light rain
110,Mazamari,PE,-11.3258,-74.5308,78.4,79,95,3.04,moderate rain
111,Ingham,US,42.6,-84.3833,57.2,67,75,12.66,broken clouds
112,Acarau,BR,-2.8856,-40.12,83.88,71,72,15.12,broken clouds
113,Esperance,AU,-33.8667,121.9,60.8,72,90,23.02,light rain
114,Manado,ID,1.487,124.8455,77.0,100,40,2.19,scattered clouds
115,Petropavlovsk-Kamchatskiy,RU,53.0452,158.6483,26.6,80,40,6.71,scattered clouds
116,Pangnirtung,CA,66.1451,-65.7125,26.6,74,75,3.44,broken clouds
117,Kapaa,US,22.0752,-159.319,69.01,88,75,3.44,light rain
118,Cayenne,GF,4.9333,-52.3333,87.8,66,75,9.22,broken clouds
119,Hamilton,US,39.1834,-84.5333,54.0,82,90,16.11,overcast clouds
120,Taltal,CL,-25.4,-70.4833,68.05,68,16,5.37,few clouds
121,Shushtar,IR,32.0455,48.8567,76.21,34,42,5.17,scattered clouds
122,Morant Bay,JM,17.8815,-76.4093,84.0,74,40,21.85,scattered clouds
123,Hilo,US,19.7297,-155.09,68.0,63,1,6.91,clear sky
124,Den Helder,NL,52.9599,4.7593,43.0,65,20,10.36,few clouds
125,Torbay,CA,47.6666,-52.7314,36.0,100,90,4.61,moderate rain
126,East London,ZA,-33.0153,27.9116,69.8,94,75,5.75,broken clouds
127,Rosarito,MX,32.3333,-117.0333,66.99,68,75,6.4,broken clouds
128,Kalmunai,LK,7.4167,81.8167,80.89,75,91,4.03,moderate rain
129,Chokurdakh,RU,70.6333,147.9167,-19.32,99,52,8.12,broken clouds
130,Yalutorovsk,RU,56.6536,66.3006,38.77,82,64,11.72,broken clouds
131,Port Alfred,ZA,-33.5906,26.891,67.28,90,98,2.64,overcast clouds
132,Alofi,NU,-19.0595,-169.9187,68.0,100,13,1.14,few clouds
133,Avarua,CK,-21.2078,-159.775,77.0,100,40,1.14,light rain
134,Arraial Do Cabo,BR,-22.9661,-42.0278,87.8,40,0,11.5,clear sky
135,Changying,CN,52.8733,123.3213,16.03,78,100,5.32,overcast clouds
136,Plettenberg Bay,ZA,-34.0527,23.3716,62.85,85,100,2.39,overcast clouds
137,Bluff,NZ,-46.6,168.3333,46.99,97,53,1.99,broken clouds
138,Saldanha,ZA,-33.0117,17.9442,68.0,64,99,9.22,overcast clouds
139,Broken Hill,AU,-31.95,141.4333,46.4,57,0,4.61,clear sky
140,Balsas,BR,-7.5325,-46.0356,84.92,60,89,4.38,overcast clouds
141,Kang,BW,-23.6752,22.7876,74.8,33,0,4.7,clear sky
142,Usinsk,RU,65.9939,57.5281,33.21,78,49,17.78,scattered clouds
143,Chuy,UY,-33.6971,-53.4616,64.42,81,95,23.73,overcast clouds
144,Benghazi,LY,32.1167,20.0667,63.18,51,70,17.25,broken clouds
145,Beringovskiy,RU,63.05,179.3167,2.79,94,100,25.66,snow
146,Qaanaaq,GL,77.484,-69.3632,23.02,92,100,8.21,light snow
147,Palmer,US,42.1584,-72.3287,59.0,71,75,11.5,broken clouds
148,Kenai,US,60.5544,-151.2583,21.0,53,90,21.85,overcast clouds
149,Ust-Koksa,RU,50.2696,85.6108,30.18,80,4,1.16,clear sky
150,Linxia,CN,35.6003,103.2064,47.23,66,59,3.85,broken clouds
151,Pacific Grove,US,36.6177,-121.9166,55.0,71,40,3.44,scattered clouds
152,Honiara,SB,-9.4333,159.95,76.59,87,99,2.71,light rain
153,Dumabato,PH,16.3167,121.7,67.06,96,52,0.81,broken clouds
154,Fort Nelson,CA,58.8053,-122.7002,19.4,45,20,14.97,few clouds
155,Mongo,TD,12.1844,18.693,93.07,5,4,6.98,clear sky
156,Volchanets,RU,42.9131,132.7469,42.31,95,74,4.81,broken clouds
157,Touros,BR,-5.1989,-35.4608,86.0,66,40,16.11,scattered clouds
158,Praia Da Vitoria,PT,38.7333,-27.0667,68.0,73,20,12.68,few clouds
159,Teahupoo,PF,-17.8333,-149.2667,80.6,74,75,3.44,broken clouds
160,Ulagan,RU,50.6321,87.9563,24.71,82,13,2.04,few clouds
161,Berlevag,NO,70.8578,29.0864,35.6,86,40,40.29,snow
162,Teya,RU,60.3778,92.6267,29.89,94,100,2.53,overcast clouds
163,Xichang,CN,27.8964,102.2634,54.63,77,19,3.76,few clouds
164,Guerrero Negro,MX,27.9769,-114.0611,64.47,64,96,15.17,overcast clouds
165,San Quintin,MX,30.4833,-115.95,63.18,67,100,7.27,overcast clouds
166,Komsomolskiy,UZ,40.4272,71.7189,57.2,38,39,9.22,scattered clouds
167,Bismarck,US,46.8083,-100.7837,39.2,75,90,16.11,moderate rain
168,San Patricio,US,28.017,-97.5169,81.0,65,20,12.66,few clouds
169,Medicine Hat,CA,50.0501,-110.6683,36.0,75,90,13.8,overcast clouds
170,Itarema,BR,-2.9248,-39.9167,85.46,65,65,14.7,light rain
171,Birao,CF,10.2849,22.7882,89.91,9,87,6.44,overcast clouds
172,Bambous Virieux,MU,-20.3428,57.7575,79.0,89,40,5.75,light rain
173,Ponta Do Sol,PT,32.6667,-17.1,62.01,73,97,1.99,overcast clouds
174,Tazovskiy,RU,67.4667,78.7,29.57,96,100,17.38,light snow
175,Novoagansk,RU,61.9449,76.6625,38.39,98,100,12.48,overcast clouds
176,Lorengau,PG,-2.0226,147.2712,80.87,83,96,13.73,light rain
177,Talnakh,RU,69.4865,88.3972,27.21,93,96,11.12,overcast clouds
178,Port-Gentil,GA,-0.7193,8.7815,78.8,94,40,10.27,scattered clouds
179,Hofn,IS,64.2539,-15.2082,33.8,93,90,13.8,light snow
180,Bilibino,RU,68.0546,166.4372,-25.02,94,24,4.54,few clouds
181,Ilulissat,GL,69.2167,-51.1,30.2,59,75,5.75,broken clouds
182,Little Current,CA,45.9793,-81.9248,53.6,82,100,12.66,moderate rain
183,Hasaki,JP,35.7333,140.8333,48.2,81,20,3.44,few clouds
184,Gimli,CA,50.6336,-96.9907,33.8,86,95,14.97,overcast clouds
185,Nantucket,US,41.2835,-70.0995,51.8,87,90,13.8,overcast clouds
186,Houston,US,29.7633,-95.3633,80.01,29,1,4.61,clear sky
187,Isla Mujeres,MX,21.2311,-86.731,84.2,74,90,13.8,overcast clouds
188,Sechura,PE,-5.5569,-80.8222,80.78,59,95,7.09,overcast clouds
189,Gigmoto,PH,13.7796,124.39,78.22,85,66,6.44,broken clouds
190,Strezhevoy,RU,60.7333,77.5889,39.2,70,90,8.95,light rain
191,Quang Ngai,VN,15.1167,108.8,71.74,91,7,4.47,clear sky
192,Corn Island,NI,12.1694,-83.0418,81.86,77,77,9.55,broken clouds
193,Sitka,US,57.0531,-135.33,33.8,80,90,2.46,light snow
194,Jalu,LY,29.0331,21.5482,67.5,17,2,10.29,clear sky
195,Taksimo,RU,56.3444,114.8794,7.83,83,82,4.81,broken clouds
196,Fortuna,US,40.5982,-124.1573,55.0,76,20,6.91,few clouds
197,Norman Wells,CA,65.282,-126.8329,-7.6,71,1,6.91,clear sky
198,Manggar,ID,-2.8833,108.2667,80.37,79,100,2.21,overcast clouds
199,Chulym,RU,55.0997,80.9572,32.41,92,100,5.3,overcast clouds
200,Sao Bernardo,BR,-3.3614,-42.4178,85.46,71,98,5.35,light rain
201,Port Hardy,CA,50.6996,-127.4199,42.8,61,20,10.36,few clouds
202,Nouadhibou,MR,20.931,-17.0347,78.8,44,5,16.11,clear sky
203,Severo-Kurilsk,RU,50.6789,156.125,27.75,72,47,8.59,scattered clouds
204,Sambava,MG,-14.2667,50.1667,77.16,87,100,12.24,light rain
205,Wasilla,US,61.5814,-149.4394,19.99,32,90,9.22,overcast clouds
206,Nanakuli,US,21.3906,-158.1547,69.8,68,75,6.91,broken clouds
207,Longyearbyen,SJ,78.2186,15.6401,19.4,58,40,18.41,scattered clouds
208,Yonago,JP,35.4333,133.3333,44.6,87,40,3.44,scattered clouds
209,Rabak,SD,13.1809,32.74,91.76,11,28,11.72,scattered clouds
210,Udachnyy,RU,66.4167,112.4,-12.98,88,31,3.49,scattered clouds
211,Mugur-Aksy,RU,50.35,90.5,17.13,45,25,4.99,scattered clouds
212,Subang,ID,-7.1277,108.5283,73.22,95,98,1.45,overcast clouds
213,Sakaiminato,JP,35.55,133.2333,44.6,87,40,3.44,scattered clouds
214,Saint-Francois,FR,46.4154,3.9054,43.0,93,90,13.8,overcast clouds
215,Port Said,EG,31.2565,32.2841,60.8,63,0,13.8,clear sky
216,Bintulu,MY,3.1667,113.0333,77.0,94,20,3.44,few clouds
217,Guadalupe Y Calvo,MX,26.1,-106.9667,68.5,10,100,9.19,overcast clouds
218,Bulawayo,ZW,-20.15,28.5833,64.89,49,0,10.0,clear sky
219,Nemuro,JP,43.3236,145.575,35.96,87,1,8.48,clear sky
220,Nabire,ID,-3.3667,135.4833,75.25,91,43,4.12,scattered clouds
221,Moengo,SR,5.6167,-54.4,74.79,96,100,1.07,overcast clouds
222,Khatanga,RU,71.9667,102.5,19.92,86,92,13.89,overcast clouds
223,Springfield,US,37.2153,-93.2982,68.0,36,1,14.97,clear sky
224,Mulchen,CL,-37.7167,-72.2333,69.8,40,0,17.27,clear sky
225,College,US,64.8569,-147.8028,8.01,60,75,6.91,broken clouds
226,Ulaanbaatar,MN,47.9077,106.8832,17.6,49,0,8.95,clear sky
227,Pathein,MM,16.7833,94.7333,79.43,81,67,4.99,broken clouds
228,Conakry,GN,9.538,-13.6773,89.6,48,77,11.5,haze
229,San-Pedro,CI,4.7485,-6.6363,82.62,78,60,10.36,broken clouds
230,Dharchula,IN,29.85,80.5333,60.51,23,51,8.57,broken clouds
231,Jamestown,US,42.097,-79.2353,66.0,55,75,9.22,broken clouds
232,Vila Velha,BR,-20.3297,-40.2925,84.2,58,0,9.22,clear sky
233,Palmas De Monte Alto,BR,-14.2672,-43.1619,91.44,27,54,6.33,broken clouds
234,Codrington,AU,-38.2667,141.9667,54.91,74,100,11.27,overcast clouds
235,Waitati,NZ,-45.75,170.5667,55.99,83,26,1.21,scattered clouds
236,Luderitz,NA,-26.6481,15.1594,75.33,48,0,5.91,clear sky
237,Dingle,PH,10.9995,122.6711,75.69,83,57,5.86,broken clouds
238,Eureka,US,40.8021,-124.1637,51.01,76,75,4.61,haze
239,Akropong,GH,5.9746,-0.0854,86.0,74,20,13.8,light rain
240,Tasiilaq,GL,65.6145,-37.6368,32.0,69,0,3.44,clear sky
241,Wald-Michelbach,DE,49.57,8.8317,44.01,89,89,8.01,moderate rain
242,Chama,CH,47.1821,8.4636,53.6,82,90,3.44,moderate rain
243,Mitchell,US,43.7094,-98.0298,57.2,35,1,8.95,clear sky
244,Koraput,IN,18.8167,82.7167,77.86,52,93,4.61,overcast clouds
245,Rioblanco,CO,3.5308,-75.6806,64.83,92,100,1.1,overcast clouds
246,Dubbo,AU,-32.25,148.6167,39.2,87,0,5.75,clear sky
247,Vao,NC,-22.6667,167.4833,75.7,79,56,10.04,broken clouds
248,Carutapera,BR,-1.195,-46.02,81.73,83,100,7.74,overcast clouds
249,Soller,ES,39.7662,2.7152,64.99,77,20,10.36,few clouds
250,Husavik,IS,66.0449,-17.3389,35.6,69,75,6.91,broken clouds
251,Kruisfontein,ZA,-34.0033,24.7314,64.99,78,100,1.01,overcast clouds
252,Bushehr,IR,28.9684,50.8385,82.4,51,75,4.61,broken clouds
253,Verkhoyansk,RU,67.5447,133.385,-22.36,100,50,2.51,scattered clouds
254,Sabha,LY,27.0377,14.4283,82.13,12,61,13.27,broken clouds
255,Carmagnola,IT,44.847,7.718,50.0,61,100,3.0,overcast clouds
256,Puerto Carreno,CO,6.189,-67.4859,91.15,51,78,1.83,broken clouds
257,Ogaminana,NG,7.5946,6.2248,84.58,58,57,15.28,broken clouds
258,Puerto Baquerizo Moreno,EC,-0.9,-89.6,78.8,83,75,9.22,broken clouds
259,Kavaratti,IN,10.5669,72.642,83.77,66,9,4.36,clear sky
260,Teknaf,BD,20.8624,92.3058,77.27,86,1,2.48,clear sky
261,Jandayan,PH,10.1667,124.1833,80.6,78,75,4.61,broken clouds
262,Walvis Bay,NA,-22.9575,14.5053,85.8,30,2,16.96,clear sky
263,Lagoa,PT,39.05,-27.9833,62.85,84,87,7.78,overcast clouds
264,Mehamn,NO,71.0357,27.8492,35.6,75,40,29.93,light rain
265,Assare,BR,-6.8744,-39.875,84.04,56,91,3.98,overcast clouds
266,Namibe,AO,-15.1961,12.1522,81.05,70,42,5.55,scattered clouds
267,Gizo,SB,-8.103,156.8419,80.08,80,95,4.54,light rain
268,Shanhetun,CN,44.7,127.2,55.18,40,100,16.93,overcast clouds
269,Wajima,JP,37.4,136.9,46.92,67,21,8.48,few clouds
270,Mookane,BW,-23.688,26.6595,75.63,36,0,3.33,clear sky
271,Champerico,GT,14.3,-91.9167,87.8,70,20,6.91,few clouds
272,Khorramshahr,IR,30.4397,48.1664,75.2,46,0,4.61,clear sky
273,Porvoo,FI,60.3923,25.6651,44.6,39,0,5.75,clear sky
274,Karratha,AU,-20.7377,116.8463,82.83,75,89,6.93,overcast clouds
275,Marsh Harbour,BS,26.5412,-77.0636,78.28,68,5,17.13,clear sky
276,Kununurra,AU,-15.7667,128.7333,73.4,94,40,3.67,scattered clouds
277,Sovetskiy,RU,61.3614,63.5842,35.51,92,73,8.41,broken clouds
278,Port Elizabeth,ZA,-33.918,25.5701,64.4,94,0,6.91,clear sky
279,Nurobod,UZ,40.9056,69.8023,53.6,47,0,4.61,clear sky
280,Surt,LY,31.2089,16.5887,65.77,52,82,22.84,broken clouds
281,Koumac,NC,-20.5667,164.2833,75.56,87,100,8.59,overcast clouds
282,Kasongo,CD,-4.45,26.6667,68.05,96,92,0.29,overcast clouds
283,Gobabis,NA,-22.45,18.9667,70.43,34,1,10.27,clear sky
284,Dzaoudzi,YT,-12.7887,45.2699,78.8,89,0,5.75,clear sky
285,Yaguacire,HN,14.0167,-87.2167,86.0,45,20,7.23,few clouds
286,Vila Franca Do Campo,PT,37.7167,-25.4333,64.4,94,75,10.36,broken clouds
287,Healdsburg,US,38.6105,-122.8692,63.0,62,1,8.05,clear sky
288,Daru,PG,-9.0763,143.2092,75.43,89,75,4.25,broken clouds
289,Mount Gambier,AU,-37.8333,140.7667,51.8,87,90,6.91,overcast clouds
290,Ostrovnoy,RU,68.0531,39.5131,34.09,83,62,28.3,broken clouds
291,Syamzha,RU,60.0158,41.0614,31.37,91,3,4.29,clear sky
292,North Bend,US,43.4065,-124.2243,51.01,61,1,12.66,clear sky
293,Zhigansk,RU,66.7697,123.3711,-1.46,97,6,11.7,clear sky
294,Cabo San Lucas,MX,22.8909,-109.9124,78.8,64,75,4.61,broken clouds
295,Los Llanos De Aridane,ES,28.6585,-17.9182,71.6,68,20,4.61,few clouds
296,Mount Isa,AU,-20.7333,139.5,68.0,30,0,12.66,clear sky
297,Mutis,CO,6.2262,-77.4044,82.9,76,88,5.23,light rain
298,Balkanabat,TM,39.5108,54.3671,76.87,16,84,20.87,broken clouds
299,Morro Bay,US,35.3658,-120.8499,62.01,71,1,11.5,clear sky
300,Olavarria,AR,-36.8927,-60.3225,69.01,61,12,5.99,few clouds
301,Rossland,CA,49.0831,-117.8022,35.01,44,74,1.99,broken clouds
302,Kieta,PG,-6.2167,155.6333,77.49,81,75,1.95,broken clouds
303,Maldonado,UY,-34.6667,-54.9167,69.01,73,75,27.63,broken clouds
304,Guiratinga,BR,-16.3494,-53.7583,88.32,41,0,2.91,clear sky
305,Biak,ID,-0.9131,122.8766,76.35,83,98,2.68,overcast clouds
306,Georgiyevka,KZ,43.0369,74.7114,50.0,66,0,15.66,clear sky
307,Salalah,OM,17.0151,54.0924,82.4,69,20,6.91,few clouds
308,Ituango,CO,7.1712,-75.764,76.21,67,99,0.78,overcast clouds
309,Shubarshi,KZ,48.5872,57.1869,49.23,56,1,10.83,clear sky
310,Kankan,GN,10.3854,-9.3057,103.39,13,67,4.27,broken clouds
311,Araouane,ML,18.9048,-3.5265,97.92,6,1,6.02,clear sky
312,Rock Springs,US,41.5875,-109.2029,42.01,28,1,8.05,clear sky
313,Haicheng,CN,40.8516,122.7475,52.03,48,100,12.88,overcast clouds
314,Kahului,US,20.8947,-156.47,64.4,88,20,3.44,few clouds
315,Wahlstedt,DE,53.95,10.2167,39.99,52,100,5.99,light rain
316,Ambilobe,MG,-13.2,49.05,74.61,90,64,2.89,light rain
317,Virginia Beach,US,36.8529,-75.978,77.0,61,20,9.22,few clouds
318,Deneysville,ZA,-26.8908,28.0971,69.03,22,0,2.15,clear sky
319,Clyde River,CA,70.4692,-68.5914,30.2,80,75,20.71,light snow
320,Lianzhou,CN,24.7811,112.3825,69.82,87,57,2.66,light rain
321,Mariakani,KE,-3.8633,39.4736,82.4,69,40,8.05,scattered clouds
322,Srednekolymsk,RU,67.45,153.6833,-31.59,100,94,1.07,overcast clouds
323,Evensk,RU,61.95,159.2333,-4.81,78,67,11.56,broken clouds
324,Bardiyah,LY,31.7561,25.0865,57.74,54,3,7.43,clear sky
325,Yeppoon,AU,-23.1333,150.7333,68.0,68,0,11.48,clear sky
326,Mitsamiouli,KM,-11.3847,43.2844,81.82,75,85,10.83,overcast clouds
327,Muncar,ID,-8.4333,114.3333,75.74,91,12,2.86,few clouds
328,Kilindoni,TZ,-7.9139,39.6668,81.52,79,97,14.92,light rain
329,Vagay,RU,57.9375,69.0217,41.23,77,100,10.11,overcast clouds
330,Belmonte,BR,-15.8631,-38.8828,82.4,83,75,4.61,broken clouds
331,Adrar,MR,20.5022,-10.0711,93.34,11,45,8.01,scattered clouds
332,Portales,US,34.1862,-103.3344,80.01,6,1,16.11,clear sky
333,Porbandar,IN,21.6422,69.6093,80.44,67,0,11.21,clear sky
334,Aswan,EG,24.0934,32.907,72.19,11,0,13.44,clear sky
335,Nyrob,RU,60.733,56.7202,35.1,98,83,5.01,broken clouds
336,Ignatovka,RU,53.9479,47.6536,39.34,98,100,8.84,overcast clouds
337,Barra Do Garcas,BR,-15.89,-52.2567,91.4,43,20,2.3,few clouds
338,Inuvik,CA,68.3499,-133.7218,-4.0,50,5,3.44,clear sky
339,Mingoyo,TZ,-10.1,39.6333,77.0,88,20,10.36,light rain
340,Sur,OM,22.5667,59.5289,82.71,61,0,9.17,clear sky
341,Brookings,US,44.3114,-96.7984,55.99,54,1,11.5,clear sky
342,Russell,US,32.3502,-85.1999,75.0,56,1,9.22,clear sky
343,Merke,KZ,42.8728,73.1786,52.79,58,20,4.7,few clouds
344,Laguna,US,38.421,-121.4238,64.99,42,1,9.22,clear sky
345,Yenagoa,NG,4.9247,6.2642,79.05,78,100,7.72,overcast clouds
346,Naze,JP,28.3667,129.4833,64.96,70,25,19.13,scattered clouds
347,Lahaina,US,20.8783,-156.6825,64.4,100,90,2.62,overcast clouds
348,Avera,US,33.194,-82.5271,73.4,88,90,15.05,overcast clouds
349,Estevan,CA,49.1334,-102.9842,37.4,87,90,23.02,overcast clouds
350,Uaua,BR,-9.8414,-39.4817,86.58,41,100,24.05,overcast clouds
351,Lasa,IT,46.6166,10.7002,53.6,93,75,6.91,broken clouds
352,Pevek,RU,69.7008,170.3133,-26.39,100,81,3.6,broken clouds
353,Grand-Santi,GF,4.25,-54.3833,81.14,88,92,3.15,overcast clouds
354,Anloga,GH,5.7947,0.8973,87.8,70,20,16.11,few clouds
355,Kolokani,ML,13.5728,-8.0339,103.03,5,0,11.77,clear sky
356,Shache,CN,38.4167,77.2406,58.8,23,11,6.33,few clouds
357,Glendive,US,47.1053,-104.7125,35.6,93,90,27.63,overcast clouds
358,Tobermory,CA,45.2501,-81.6665,46.4,100,100,4.61,moderate rain
359,Nome,US,64.5011,-165.4064,21.2,86,90,25.32,snow
360,Giyani,ZA,-23.3025,30.7187,74.91,43,0,3.98,clear sky
361,Prince Rupert,CA,54.3161,-130.3201,39.2,70,1,2.3,clear sky
362,Kribi,CM,2.95,9.9167,78.42,86,100,4.7,overcast clouds
363,Leh,IN,34.1667,77.5833,31.93,68,100,2.39,snow
364,Hervey Bay,AU,-25.2986,152.8535,64.99,52,0,5.01,clear sky
365,Shenjiamen,CN,29.9576,122.298,60.1,96,100,14.74,moderate rain
366,Menongue,AO,-14.6585,17.691,65.93,59,73,5.48,broken clouds
367,Vestmannaeyjar,IS,63.4427,-20.2734,39.2,65,90,25.32,overcast clouds
368,Beian,NO,63.6559,9.5683,41.0,65,75,5.75,broken clouds
369,Nanortalik,GL,60.1432,-45.2371,38.7,65,1,3.09,clear sky
370,Muros,ES,42.7762,-9.0603,59.0,46,5,19.75,clear sky
371,Sindor,RU,62.8629,51.8905,35.24,77,7,10.96,clear sky
372,La Ronge,CA,55.1001,-105.2842,30.2,64,100,10.36,overcast clouds
373,Warrnambool,AU,-38.3833,142.4833,51.01,89,100,11.7,overcast clouds
374,Jinji,CN,23.2281,110.8261,72.25,80,21,3.6,light rain
375,Margate,GB,51.3813,1.3862,46.0,62,60,1.99,broken clouds
376,Trincomalee,LK,8.5711,81.2335,82.6,73,58,8.41,broken clouds
377,Yaan,NG,7.3833,8.5667,88.63,47,94,10.74,light rain
378,Kampot,KH,10.6167,104.1833,80.6,83,40,4.63,scattered clouds
379,Talas,TR,38.6908,35.5538,33.8,93,75,4.61,broken clouds
380,Mogadishu,SO,2.0371,45.3438,82.56,69,100,17.43,overcast clouds
381,General Roca,AR,-39.0333,-67.5833,73.4,35,0,11.5,clear sky
382,Methoni,GR,36.8197,21.7049,55.4,62,0,3.27,clear sky
383,Saratoga Springs,US,43.0831,-73.7846,73.0,51,100,3.0,overcast clouds
384,Marsa Matruh,EG,31.3525,27.2453,59.0,51,20,8.05,few clouds
385,Arantangi,IN,10.1667,78.9833,84.02,66,24,8.9,few clouds
386,Noumea,NC,-22.2763,166.4572,79.0,100,90,2.3,overcast clouds
387,Proletariy,RU,58.4342,31.7046,43.93,75,80,5.12,broken clouds
388,Bellevue,US,47.6104,-122.2007,46.99,57,40,4.61,scattered clouds
389,Khipro,PK,25.8285,69.3772,87.91,22,0,11.14,clear sky
390,Biltine,TD,14.5333,20.9167,88.48,8,4,13.09,clear sky
391,Puerto Madryn,AR,-42.7692,-65.0385,71.33,37,18,13.94,few clouds
392,Aklavik,CA,68.2191,-135.0107,-11.2,64,1,3.44,clear sky
393,Mahibadhoo,MV,3.7833,72.9667,83.1,71,48,5.03,scattered clouds
394,Tautira,PF,-17.7333,-149.15,80.6,74,75,3.44,broken clouds
395,Tirumala,IN,13.6833,79.35,70.14,79,44,3.6,scattered clouds
396,Hovd,MN,48.0056,91.6419,30.67,29,5,5.44,clear sky
397,Isangel,VU,-19.55,169.2667,78.46,87,99,8.84,overcast clouds
398,Media Luna,CU,20.1419,-77.435,85.06,58,94,5.5,overcast clouds
399,Bubaque,GW,11.2833,-15.8333,77.32,71,14,14.7,few clouds
400,Raudeberg,NO,61.9875,5.1352,39.0,79,10,17.05,clear sky
401,Sosnovka,RU,56.255,51.2842,36.57,99,100,3.04,moderate rain
402,Along,IN,28.1667,94.7667,64.65,84,93,3.09,moderate rain
403,Steinbach,DE,50.1667,8.5667,43.0,87,90,11.5,light rain
404,Iqaluit,CA,63.7506,-68.5145,28.4,86,75,20.71,broken clouds
405,Rottingdean,GB,50.8098,-0.0594,48.0,46,20,10.36,few clouds
406,Sarakhs,IR,36.5449,61.1577,77.0,23,0,6.91,clear sky
407,Gogrial,SS,8.5332,28.1004,95.47,22,97,3.56,overcast clouds
408,Balingen,DE,48.2752,8.8546,52.0,86,83,4.63,light rain
409,Polovinnoye,RU,54.7914,65.9864,31.71,86,96,8.37,overcast clouds
410,Sobolevo,RU,54.4299,31.8996,50.13,64,2,7.52,clear sky
411,Moranbah,AU,-22.0016,148.0466,67.32,40,0,22.5,clear sky
412,Ossora,RU,59.2353,163.0719,4.14,78,1,10.22,clear sky
413,Nelson Bay,AU,-32.7167,152.15,52.0,62,1,10.36,clear sky
414,Abu Kamal,SY,34.4506,40.9171,62.64,26,52,8.39,broken clouds
415,Manavalakurichi,IN,8.1333,77.3,80.6,89,40,3.44,mist
416,Luau,AO,-10.7073,22.2247,68.27,81,87,3.87,overcast clouds
417,San Jose,US,37.3394,-121.895,61.0,58,75,3.44,broken clouds
418,Skibbereen,IE,51.55,-9.2667,48.2,37,20,10.36,few clouds
419,Yerbogachen,RU,61.2767,108.0108,4.66,94,61,3.09,broken clouds
420,Junin,AR,-34.5838,-60.9433,73.99,18,17,4.0,few clouds
421,Camrose,CA,53.0168,-112.8353,28.0,75,96,7.0,overcast clouds
422,Machinga,MW,-15.1685,35.3,66.78,91,98,3.51,overcast clouds
423,Ukiah,US,39.1502,-123.2078,55.4,50,1,4.61,clear sky
424,Thai Binh,VN,20.45,106.3333,75.2,94,0,2.3,clear sky
425,Ati,TD,13.2154,18.3353,90.21,5,3,9.75,clear sky
426,Skala,PL,50.2305,19.8536,52.0,93,75,3.44,light rain
427,Yumen,CN,40.2833,97.2,47.77,26,54,14.29,broken clouds
428,Duldurga,RU,50.6761,113.5931,23.41,54,73,8.84,broken clouds
429,Rawson,AR,-43.3002,-65.1023,71.08,37,10,13.96,clear sky
430,Burley,US,42.5357,-113.7928,37.4,35,1,14.97,clear sky
431,Paamiut,GL,61.994,-49.6678,35.8,79,7,10.16,clear sky
432,Toronto,CA,43.7001,-79.4163,54.0,93,100,3.71,overcast clouds
433,Baiyin,CN,36.5583,104.2081,51.01,56,0,6.71,clear sky
434,Baykit,RU,61.67,96.37,28.72,96,98,3.83,overcast clouds
435,Saint-Prosper,CA,46.2117,-70.4811,55.4,26,7,8.05,clear sky
436,Karjat,IN,18.9167,73.3333,84.2,84,65,1.79,haze
437,Amahai,ID,-3.3333,128.9167,77.65,86,99,3.85,overcast clouds
438,Vadgaon,IN,20.9402,74.8712,93.81,15,36,4.74,scattered clouds
439,Quelimane,MZ,-17.8786,36.8883,78.8,83,75,3.44,broken clouds
440,Halifax,CA,44.6453,-63.5724,51.01,40,0,10.36,clear sky
441,Morros,BR,-9.4467,-46.3003,84.58,51,99,2.77,overcast clouds
442,Santa Cruz,BO,-17.8,-63.1667,86.0,62,75,17.27,broken clouds
443,Malazgirt,TR,39.1427,42.5401,41.25,67,36,5.08,scattered clouds
444,Asmara,ER,15.3333,38.9333,58.5,71,66,4.54,broken clouds
445,Alice Springs,AU,-23.7,133.8833,50.0,76,53,2.3,broken clouds
446,Katherine,AU,-14.4667,132.2667,75.2,78,84,5.75,broken clouds
447,Istria,RO,44.5667,28.7167,46.4,49,0,4.61,clear sky
448,Ocos,GT,14.5094,-92.1933,91.4,49,1,8.05,clear sky
449,Neiafu,TO,-18.65,-173.9833,66.2,94,20,6.6,few clouds
450,Karangampel,ID,-6.4622,108.4519,79.77,81,81,3.42,broken clouds
451,Sao Jose Da Coroa Grande,BR,-8.8978,-35.1478,81.5,75,98,9.26,moderate rain
452,Bonavista,CA,48.6499,-53.1147,36.0,100,100,8.05,light rain
453,Calama,CL,-22.4667,-68.9333,71.6,15,0,18.41,clear sky
454,Kagadi,UG,0.9606,30.7967,66.09,77,86,3.36,overcast clouds
455,Hereford,GB,52.0568,-2.7148,44.6,53,20,8.05,few clouds
456,Halaszi,HU,47.8893,17.3262,59.0,53,89,4.0,overcast clouds
457,Coquimbo,CL,-29.9533,-71.3436,60.8,77,20,16.11,few clouds
458,Vostok,RU,46.4856,135.8833,40.44,75,98,6.8,overcast clouds
459,Shahr-E Kord,IR,32.3256,50.8644,51.8,43,20,4.61,few clouds
460,Teguise,ES,29.0605,-13.564,75.2,53,20,13.8,few clouds
461,Cootamundra,AU,-34.65,148.0333,39.99,87,0,5.75,clear sky
462,Hambantota,LK,6.1241,81.1185,80.46,75,86,2.19,overcast clouds
463,Mgandu,TZ,-5.95,34.1333,60.93,92,87,4.68,overcast clouds
464,Redondela,ES,42.2834,-8.6096,60.01,51,0,13.8,clear sky
465,Afua,BR,-0.1567,-50.3867,86.47,61,95,6.78,overcast clouds
466,Meulaboh,ID,4.1363,96.1285,77.25,88,96,3.44,overcast clouds
467,Okakarara,NA,-20.5833,17.4333,67.3,33,1,7.74,clear sky
468,Takoradi,GH,4.8845,-1.7554,83.26,76,84,13.49,broken clouds
469,Qasigiannguit,GL,68.8193,-51.1922,30.2,59,75,5.75,broken clouds
470,Tokur,RU,53.1333,132.9,4.96,91,77,1.57,broken clouds
471,Namatanai,PG,-3.6667,152.4333,76.12,92,100,4.74,light rain
472,Vilyuysk,RU,63.7553,121.6247,-5.75,99,28,3.53,scattered clouds
473,Alyangula,AU,-13.8483,136.4192,71.6,100,85,6.02,overcast clouds
474,Manono,CD,-7.3,27.4167,72.1,86,100,3.2,light rain
475,Beyneu,KZ,45.3167,55.2,60.55,40,0,17.18,clear sky
476,Topolog,RO,44.8833,28.3667,51.8,35,4,3.44,clear sky
477,Stornoway,GB,58.2093,-6.3865,43.0,60,29,2.3,scattered clouds
478,Okaihau,NZ,-35.3167,173.7833,63.0,97,44,3.0,scattered clouds
479,Point Fortin,TT,10.1833,-61.6833,82.99,81,74,7.0,broken clouds
480,Tonekabon,IR,36.8163,50.8738,55.4,94,90,2.3,mist
481,Half Moon Bay,US,37.4636,-122.4286,61.0,76,20,11.5,haze
482,Qena,EG,26.1615,32.7183,73.4,27,0,4.61,clear sky
483,The Hammocks,US,25.6715,-80.4445,90.0,51,20,14.97,few clouds
484,La Orilla,MX,17.9833,-102.2333,83.14,53,6,11.83,clear sky
485,Rocha,UY,-34.4833,-54.3333,63.16,83,93,28.63,overcast clouds
486,Cairns,AU,-16.9167,145.7667,73.4,94,6,1.14,clear sky
487,Rio Real,BR,-11.4847,-37.9328,87.57,45,97,15.88,overcast clouds
488,Sao Joao Da Barra,BR,-21.6403,-41.0511,87.8,40,20,2.3,few clouds
489,Wagar,SD,16.1525,36.2032,81.14,29,32,20.27,scattered clouds
490,Filadelfia,US,39.9523,-75.1638,66.0,88,90,11.5,overcast clouds
491,Pisco,PE,-13.7,-76.2167,75.2,60,0,9.22,clear sky
492,Koygorodok,RU,60.445,50.9968,32.99,93,36,5.19,scattered clouds
493,Goalpara,IN,26.1667,90.6167,80.13,34,19,1.05,few clouds
494,Christchurch,NZ,-43.5333,172.6333,55.99,100,0,8.05,clear sky
495,Saint-Augustin,CA,51.226,-58.6502,42.8,91,100,23.06,overcast clouds
496,Nieves,PH,15.3274,120.9485,77.0,69,40,2.3,scattered clouds
497,Charlestown,AU,-32.95,151.6667,52.0,57,0,7.52,clear sky
498,Barquisimeto,VE,10.0739,-69.3228,77.0,65,75,9.22,broken clouds
499,Sabang,ID,5.8933,95.3214,83.71,67,5,3.67,clear sky
500,Bereda,ES,43.2686,-7.5406,48.99,59,58,17.0,broken clouds
501,Ibra,OM,22.6906,58.5334,77.56,58,44,10.02,scattered clouds
502,Kamaishi,JP,39.2667,141.8833,43.39,74,0,6.67,clear sky
503,Imeni Poliny Osipenko,RU,52.4201,136.4853,26.82,52,99,6.51,overcast clouds
504,Havre-Saint-Pierre,CA,50.2334,-63.5986,59.0,55,75,26.46,broken clouds
505,Bafq,IR,31.6128,55.4107,72.72,36,100,7.36,overcast clouds
506,Xai-Xai,MZ,-25.0519,33.6442,73.02,84,0,8.5,clear sky
507,Camacupa,AO,-12.0167,17.4833,64.24,78,88,1.61,overcast clouds
508,Beloha,MG,-25.1667,45.05,73.0,88,2,11.77,clear sky
509,Bileca,BA,42.8719,18.4297,57.2,58,0,10.36,clear sky
510,Tari,NG,12.4086,4.4914,97.2,4,63,8.52,broken clouds
511,Kendari,ID,-3.945,122.4989,74.7,93,35,3.18,scattered clouds
512,Atasu,KZ,48.6814,71.6433,41.9,59,0,15.95,clear sky
513,Ramhormoz,IR,31.28,49.6035,86.0,20,40,7.49,scattered clouds
514,Hay River,CA,60.8156,-115.7999,8.6,61,100,6.91,overcast clouds
515,Taybad,IR,34.74,60.7756,68.59,26,89,8.28,overcast clouds
516,Tateyama,JP,34.9833,139.8667,53.6,82,20,4.61,few clouds
517,Bull Savanna,JM,17.8868,-77.5902,82.67,62,81,17.76,broken clouds
518,Alanya,TR,36.5438,31.9998,53.6,58,40,2.3,scattered clouds
519,Kinablangan,PH,7.6947,126.5503,77.02,87,97,7.96,overcast clouds
520,Buturlino,RU,55.5667,44.8974,32.59,98,100,3.09,overcast clouds
521,Katangli,RU,51.7102,143.2326,30.7,94,91,4.54,light snow
522,Roma,US,43.2128,-75.4557,71.6,43,20,11.5,few clouds
523,Maceio,BR,-9.6658,-35.7353,75.2,94,90,13.8,mist
524,Taoudenni,ML,22.6783,-3.9836,96.98,10,12,7.67,few clouds
525,Krasnoselkup,RU,65.7,82.4667,32.14,88,100,19.75,overcast clouds
526,Ewa Beach,US,21.3156,-158.0072,69.8,68,75,6.91,broken clouds
527,Riyadh,SA,24.6877,46.7219,98.6,9,75,17.27,dust
528,Byumba,RW,-1.5763,30.0675,75.2,57,40,3.44,scattered clouds
529,Tottori,JP,35.5,134.2333,49.39,74,40,8.97,scattered clouds
530,San Bartolome De Tirajana,ES,27.9248,-15.5733,71.6,68,20,11.5,few clouds
531,Nyurba,RU,63.2842,118.3319,-6.05,99,43,3.2,scattered clouds
532,Panzhihua,CN,26.5851,101.7128,60.01,55,0,1.68,clear sky
533,Chicama,PE,-7.8447,-79.1469,69.8,83,20,10.36,few clouds
534,Guhagar,IN,17.4842,73.1929,80.31,74,13,3.51,few clouds
535,Deputatskiy,RU,69.3,139.9,-23.21,99,82,2.95,broken clouds
536,Gamba,GA,-2.65,10.0,80.82,78,78,10.56,broken clouds
537,Matata,NZ,-37.8833,176.75,66.99,100,38,6.22,scattered clouds
538,Naliya,IN,23.2667,68.8333,79.61,66,0,13.65,clear sky
539,Powell River,CA,49.8496,-124.5361,43.0,70,20,6.91,few clouds
540,Ravar,IR,31.2656,56.8055,75.87,23,91,5.37,overcast clouds
541,Najran,SA,17.4924,44.1277,89.6,14,40,11.5,scattered clouds
542,Yulara,AU,-25.2406,130.9889,62.6,42,20,10.36,few clouds
543,Nalut,LY,30.3333,10.85,84.83,12,100,15.61,overcast clouds
544,Jijiang,CN,29.2906,106.2542,59.0,100,90,6.71,light rain
545,Kosh-Agach,RU,50.0,88.6667,17.98,48,2,3.96,clear sky
546,Pinotepa Nacional,MX,16.3167,-98.0167,90.93,33,0,9.64,clear sky
547,Vysokogornyy,RU,50.1167,139.15,33.01,97,100,2.15,overcast clouds
548,Olbia,IT,40.9214,9.4856,60.8,94,20,3.44,few clouds
549,Sinnamary,GF,5.3833,-52.95,77.58,87,100,2.86,overcast clouds
550,Poronaysk,RU,49.2167,143.1167,34.0,86,57,7.36,broken clouds
551,Norden,DE,53.6,7.2,41.0,76,100,11.01,overcast clouds
552,Sagua La Grande,CU,22.8067,-80.0756,93.2,40,40,9.22,scattered clouds
553,Leningradskiy,RU,69.3833,178.4167,-20.34,96,48,6.33,scattered clouds
554,Freeport,US,40.6576,-73.5832,60.8,88,90,11.5,overcast clouds
555,Aksha,RU,50.2814,113.2867,23.25,41,64,11.1,broken clouds
556,Khadyzhensk,RU,44.4256,39.5319,46.24,98,100,0.31,light rain
557,Buala,SB,-8.145,159.5921,78.3,81,100,1.23,overcast clouds
558,Te Anau,NZ,-45.4167,167.7167,47.89,94,24,1.1,few clouds
559,Sunam,IN,30.1333,75.8,79.52,14,76,2.51,broken clouds
560,Paris,FR,48.8534,2.3488,46.4,61,90,9.22,overcast clouds
561,Rayon,MX,19.1444,-99.5836,75.2,17,20,3.44,few clouds
562,Marovoay,MG,-16.1,46.6333,78.8,94,20,2.3,light rain
563,Nisia Floresta,BR,-6.0911,-35.2086,87.8,66,40,14.97,scattered clouds
564,Praia,CV,14.9215,-23.5087,82.4,44,0,19.57,clear sky
565,Bac Lieu,VN,9.285,105.7244,81.93,76,12,12.3,few clouds
566,Medea,DZ,36.2642,2.7539,66.2,68,40,6.91,scattered clouds
567,Camana,PE,-16.6228,-72.7111,71.91,70,94,10.29,overcast clouds
568,Bollnas,SE,61.3482,16.3946,37.0,74,100,1.99,overcast clouds
569,Bulungu,CD,-4.55,18.6,71.15,93,89,4.18,overcast clouds
570,Archidona,ES,37.0965,-4.3887,71.01,66,81,8.99,broken clouds
571,Umm Lajj,SA,25.0213,37.2685,71.17,57,0,15.35,clear sky
572,Umarkot,PK,25.3616,69.7362,86.36,25,0,11.86,clear sky
573,Mocuba,MZ,-16.8392,36.9856,71.19,96,100,2.93,overcast clouds
574,Port Hedland,AU,-20.3167,118.5667,80.6,89,87,5.75,overcast clouds
575,Caxito,AO,-8.5785,13.6643,82.4,69,40,2.77,scattered clouds
576,Vondrozo,MG,-22.8167,47.2833,66.02,97,2,1.39,clear sky
577,Conceicao Do Araguaia,BR,-8.2578,-49.2647,85.01,62,100,4.52,light rain
578,Falun,SE,60.6036,15.626,39.99,70,75,12.66,light intensity drizzle
579,Gat,IL,31.61,34.7642,60.01,48,9,6.69,clear sky
580,Taft,IR,31.7471,54.2088,75.2,27,40,4.61,scattered clouds
581,Conde,BR,-7.2597,-34.9075,80.6,100,75,5.75,broken clouds
582,Mandalgovi,MN,45.7625,106.2708,19.38,49,42,18.48,scattered clouds
583,Honningsvag,NO,70.9821,25.9704,35.6,80,75,32.21,light rain
584,Tiszakarad,HU,48.2,21.7167,57.99,47,0,6.91,clear sky
585,Kaolinovo,BG,43.6167,27.1167,46.99,40,1,1.01,clear sky
586,Salym,RU,60.0625,71.4789,42.62,92,100,11.14,overcast clouds
587,Rio Grande,BR,-32.035,-52.0986,80.6,65,40,11.5,scattered clouds
588,Bahia Blanca,AR,-38.7196,-62.2724,71.98,35,0,9.08,clear sky
589,De Aar,ZA,-30.6497,24.0123,77.22,26,55,5.41,broken clouds
590,Tekeli,KZ,44.83,78.8239,42.46,55,0,10.38,clear sky
591,Vanavara,RU,60.34,102.2797,23.9,98,100,1.5,overcast clouds
592,Seoul,KR,37.5683,126.9778,57.2,62,0,2.3,light rain
593,Grand Gaube,MU,-20.0064,57.6608,79.0,81,86,7.0,light rain
594,Dicabisagan,PH,17.0818,122.4157,74.46,83,53,4.72,broken clouds
595,Mach,PK,29.8637,67.3298,78.33,12,17,6.17,few clouds
596,Malakal,SS,9.5334,31.6605,94.75,14,100,3.24,overcast clouds
597,Fez,MA,34.0372,-4.9998,69.8,46,40,6.91,scattered clouds
598,Batouri,CM,4.4333,14.3667,70.39,91,82,4.63,light rain
599,Trairi,BR,-3.2778,-39.2689,84.52,69,55,12.03,broken clouds
600,East Haven,US,41.2762,-72.8684,59.0,94,90,13.8,fog
601,Waipawa,NZ,-41.4122,175.5153,63.0,88,75,13.8,broken clouds
602,Sangar,RU,63.9242,127.4739,-10.98,90,65,3.4,broken clouds
603,Murgab,TM,37.4966,61.9714,71.6,18,85,9.22,overcast clouds
604,Abeche,TD,13.8292,20.8324,87.48,8,2,10.31,clear sky
605,Brainerd,US,46.358,-94.2008,48.2,71,90,9.22,overcast clouds
606,Rincon,US,32.296,-81.2354,69.01,77,75,12.66,broken clouds
607,Otane,NZ,-39.8833,176.6333,57.0,95,0,2.35,clear sky
608,Navirai,BR,-23.065,-54.1906,95.0,25,0,4.72,clear sky
609,Masuda,JP,34.6667,131.85,50.0,57,20,6.91,few clouds
610,Babushkin,RU,51.7122,105.8647,20.79,75,65,10.2,broken clouds
611,Westport,US,41.1415,-73.3579,59.0,93,90,16.11,light rain
612,Itoman,JP,26.1247,127.6694,69.8,68,20,11.5,few clouds
613,Santa Lucia,ES,27.9117,-15.5407,71.6,68,20,11.5,few clouds
614,Zdvinsk,RU,54.7021,78.661,32.72,90,100,2.71,overcast clouds
615,Borovoy,RU,55.4333,86.0833,41.0,52,0,6.71,clear sky
616,Abnub,EG,27.2696,31.1511,64.4,45,0,16.11,clear sky
617,Uxbridge,US,42.0773,-71.6295,57.0,93,90,12.66,overcast clouds
618,Sakakah,SA,29.9697,40.2064,64.4,20,0,6.91,clear sky
619,Awbari,LY,26.5921,12.7805,87.71,10,35,17.81,scattered clouds
620,Puerto Quijarro,BO,-17.7833,-57.7667,90.97,46,36,1.99,scattered clouds
621,Arrecife,ES,28.963,-13.5477,75.2,53,20,13.8,few clouds
622,Kaeo,NZ,-35.1,173.7833,63.0,97,60,1.01,broken clouds
623,Santa Engracia,ES,41.9406,-1.3245,57.0,58,83,21.85,broken clouds
624,Chiredzi,ZW,-21.05,31.6667,72.57,51,0,5.55,clear sky
625,Egvekinot,RU,66.3167,-179.1667,-9.94,83,100,21.92,overcast clouds
626,Milkovo,RU,54.7167,158.6167,16.74,92,41,2.17,scattered clouds
627,Ruteng,ID,-8.6136,120.4721,59.59,82,32,1.43,scattered clouds
628,Lomovka,RU,53.9194,58.3672,39.2,93,67,6.71,broken clouds
629,Manyana,BW,-23.4,21.7167,73.9,35,0,7.38,clear sky
630,Gorele,TR,41.0308,39.0031,48.2,81,75,5.75,broken clouds
631,Bloomington,US,44.8408,-93.2983,50.0,71,90,14.97,overcast clouds
632,Palasbari,IN,26.1361,91.5486,73.4,78,40,1.9,mist
633,Opuwo,NA,-18.0607,13.84,73.76,32,6,8.57,clear sky
634,Oranjemund,NA,-28.55,16.4333,63.48,75,7,4.12,clear sky
635,Diffa,NE,13.3154,12.6113,91.58,6,43,8.9,scattered clouds
636,Birjand,IR,32.8663,59.2211,71.6,14,40,5.39,scattered clouds
637,Tuatapere,NZ,-46.1333,167.6833,46.99,97,30,3.0,scattered clouds
638,Korla,CN,41.7597,86.1469,57.36,42,3,15.79,clear sky
639,Aguada De Pasajeros,CU,22.385,-80.8508,87.8,62,20,14.97,few clouds
640,Dalbandin,PK,28.8947,64.4101,80.74,8,32,5.1,scattered clouds
641,Jishou,CN,28.3167,109.7167,57.45,98,100,1.28,light rain
642,Bosanski Brod,BA,45.1375,17.9897,59.0,55,0,4.61,clear sky
643,Kristiinankaupunki,FI,62.2743,21.376,35.92,63,62,3.13,broken clouds
644,Limulunga,ZM,-15.0969,23.1376,68.85,47,0,5.97,clear sky
645,Yar-Sale,RU,66.8333,70.8333,32.76,97,100,14.58,overcast clouds
646,Kouvola,FI,60.8667,26.7,42.8,42,0,6.91,clear sky
647,Ketchikan,US,55.3422,-131.6461,38.16,74,85,2.48,overcast clouds
648,Ca Mau,VN,9.1769,105.15,81.5,75,27,7.07,scattered clouds
649,Yantal,RU,56.8471,105.2542,18.23,92,99,3.83,overcast clouds
650,Shipunovo,RU,52.1582,82.2173,30.58,96,17,10.38,few clouds
651,Puli,TW,23.9664,120.9695,71.01,94,75,2.3,mist
652,Manjakandriana,MG,-18.9167,47.8,64.4,88,20,6.91,few clouds
653,Bandarbeyla,SO,9.4942,50.8122,80.04,69,56,8.28,broken clouds
654,Price,US,39.5994,-110.8107,55.4,21,1,8.05,clear sky
655,Ulundi,ZA,-28.3352,31.4162,70.68,71,0,1.52,clear sky
656,Aguimes,ES,27.9054,-15.4461,71.6,68,20,12.66,few clouds
657,Mzimba,MW,-11.9,33.6,63.05,91,100,7.58,overcast clouds
658,Eyl,SO,7.9803,49.8164,80.83,68,64,8.68,broken clouds
659,The Pas,CA,53.8251,-101.2541,30.2,86,100,10.36,snow
660,Lakes Entrance,AU,-37.8811,147.981,50.0,80,100,1.01,overcast clouds
661,Broome,US,42.2506,-75.833,60.01,94,90,11.5,overcast clouds
662,Balykshi,KZ,47.0667,51.8667,64.4,27,6,11.18,smoke
663,Flin Flon,CA,54.7682,-101.865,28.4,86,90,10.36,light snow
664,Camacha,PT,33.0833,-16.3333,68.0,77,40,11.5,scattered clouds
665,Lavrentiya,RU,65.5833,-171.0,4.35,62,100,32.93,overcast clouds
666,Pyaozerskiy,RU,65.8333,31.1667,34.45,81,78,15.35,broken clouds
667,Sukhaya Buyvola,RU,45.1533,42.9956,42.8,100,90,4.47,light rain
668,Concepcion Del Oro,MX,24.6333,-101.4167,75.09,15,52,4.83,broken clouds
669,Mayor Pablo Lagerenza,PY,-19.9309,-60.7718,72.41,87,51,18.07,moderate rain
670,Sanok,PL,49.5557,22.2056,55.0,100,98,8.99,light rain
671,Mercedes,AR,-34.6515,-59.4307,70.0,65,78,7.0,broken clouds
672,Deniliquin,AU,-35.5333,144.9667,44.01,86,3,7.16,clear sky
673,Boone,US,39.0334,-92.3335,61.0,38,0,21.0,clear sky
674,Warmbad,NA,-28.45,18.7333,85.59,18,2,5.26,clear sky
675,Ardakan,IR,32.31,54.0175,75.2,27,40,4.61,scattered clouds
676,Bar Harbor,US,44.3876,-68.2039,51.01,61,20,4.61,few clouds
677,Mukilteo,US,47.9445,-122.3046,46.99,70,20,4.88,few clouds
678,Moron,AR,-34.6534,-58.6198,66.0,67,93,4.0,overcast clouds
679,Ust-Tsilma,RU,65.441,52.1498,35.15,87,44,14.18,light snow
680,Bodden Town,KY,19.2833,-81.25,86.0,70,20,12.66,few clouds
681,Hoi An,VN,15.8794,108.335,77.0,88,20,2.3,few clouds
682,Graaff-Reinet,ZA,-32.2522,24.5308,77.0,49,93,5.01,overcast clouds
683,Franca,BR,-20.5386,-47.4008,83.64,23,0,1.45,clear sky
684,Quatre Cocos,MU,-20.2078,57.7625,78.8,89,40,5.75,light rain
685,Lazaro Cardenas,MX,17.9583,-102.2,83.01,54,6,11.39,clear sky
686,Taguatinga,BR,-12.3857,-46.5711,90.14,37,95,2.19,overcast clouds
687,Longview,US,32.5007,-94.7405,77.0,33,1,5.75,clear sky
688,Rensvik,NO,63.1,7.8167,39.2,70,20,11.5,few clouds
689,Cavalcante,BR,-13.7975,-47.4583,82.76,48,81,3.22,broken clouds
690,Ust-Uda,RU,54.1742,103.0304,16.54,94,55,1.99,broken clouds
691,Hattiesburg,US,31.3271,-89.2903,73.0,37,1,4.61,clear sky
692,Mazamet,FR,43.49,2.373,48.2,93,75,14.97,light rain
693,Samarai,PG,-10.6167,150.6667,79.39,68,67,10.04,broken clouds
694,Metro,ID,-5.1131,105.3067,75.11,91,78,3.96,broken clouds
695,Manta,EC,-0.95,-80.7333,82.4,74,90,8.05,overcast clouds
696,Mayo,US,38.8876,-76.5119,77.0,50,1,4.61,clear sky
697,Alekseyevka,RU,50.6309,38.6903,47.89,58,100,14.88,overcast clouds
698,Flinders,AU,-34.5833,150.8552,51.8,50,2,14.97,clear sky
699,Tilichiki,RU,60.4667,166.1,1.29,81,18,12.01,few clouds
700,Betsiamites,CA,48.9413,-68.646,48.2,53,90,6.91,overcast clouds
701,Vardo,NO,70.3705,31.1107,33.8,80,75,24.16,broken clouds
702,Guayaramerin,BO,-10.8368,-65.3614,87.8,58,20,4.61,few clouds
703,Terme,TR,41.2092,36.9739,46.4,81,75,2.3,broken clouds
704,Barra Do Bugres,BR,-15.0725,-57.1811,91.4,44,18,4.5,few clouds
705,Beboto,TD,8.2668,16.939,88.72,10,36,5.41,scattered clouds
706,Kursavka,RU,44.4564,42.5093,46.4,81,90,4.47,overcast clouds
707,Khovu-Aksy,RU,51.1333,93.6,26.87,57,77,3.47,broken clouds
708,Lanzhou,CN,36.0564,103.7922,51.01,85,56,10.07,broken clouds
709,Ongandjera,NA,-17.8833,15.0667,77.38,27,18,4.59,few clouds
710,Boali,CF,4.8005,18.1275,89.6,55,20,6.91,few clouds
711,Santa Luzia,BR,-19.7697,-43.8514,82.4,44,0,5.75,clear sky
712,Southbridge,US,42.0751,-72.0334,57.99,68,100,1.99,overcast clouds
713,Chifeng,CN,42.2683,118.9636,48.74,56,67,10.31,broken clouds
714,Salo,IT,45.6086,10.531,52.0,82,90,4.61,overcast clouds
